{
    "categories": [
      {
        "title": "Web Design",
        "image": "CTRL A AGENCY (3).png",
        "description": "Web development in digital marketing: Building websites for effective online presence and engagement"
      },
      {
        "title": "Graphic Design",
        "image": "CTRL A AGENCY (4).png",
        "description": "Graphic design in a digital marketing agency: Crafting visuals that captivate and drive online engagement."
      },
      {
        "title": "Content Writing",
        "image": "CTRL A AGENCY (8).png",
        "description": "Content writing in a digital marketing agency: Crafting words for impactful brand storytelling and audience connection."
      }
      
    ],
    "mission": {
      "image": "CTRL A AGENCY (13).png",
      "text": "In the digital universe, our agency soars like astronauts, crafting stellar campaigns that defy gravity and elevate brands to new heights."
    },
    "secondCategories": [
      {
        "title": "Photography",
        "image": "CTRL A AGENCY (9).png",
        "description": "Photography in digital marketing: Capturing brand stories in a single frame for a lasting impact"
      },
      {
        "title": "Event Planning",
        "image": "CTRL A AGENCY (10).png",
        "description": "Event planning in digital marketing: Crafting memorable experiences that connect brands with their audience seamlessly"
      },
      {
        "title": "Consultancy Work",
        "image": "CTRL A AGENCY (11).png",
        "description": "Digital marketing consultancy: Guiding businesses with strategic insights for online success in the dynamic digital landscape."
      }
      
    ],
    "secondMission": {
      "image": "CTRL A AGENCY (14).png",
      "text": "Digital marketing is the astronaut's suit for brands, propelling them through the online galaxy, reaching new audiences and discovering limitless possibilities"
    },
    "thirdCategories": [
      {
        "title": "SEO",
        "image": "CTRL A AGENCY (15).png",
        "description": "SEO in digital marketing: Elevating brands through strategic online visibility for seamless connections with target audiences."
      },
      {
        "title": "Marketing Strategy",
        "image": "CTRL A AGENCY (16).png",
        "description": "Digital marketing strategy: Tailored plans that resonate, engage, and propel brands toward success in the online realm."
      },
      {
        "title": "Social Media Management",
        "image": "CTRL A AGENCY (17).png",
        "description": "Social media management in digital marketing: Crafting connections, building brand presence, and sparking conversations in the online realm"
      }
     
    ]
  }
  